en,ja
18K Aviators,タレサン18K
Anglerfish Mask,アンコウラバーマスク
Annaki Beret,アナアキアンピンベレー
Annaki Beret & Glasses,アナアキバスクベレー
Annaki Mask,アナアキマスク
Armor Helmet Replica,アーマーメット レプリカ
Backwards Cap,バックワードキャップ
Bamboo Hat,スゲ
B-ball Headband,バスケバンド
Beekeeper Hat,ガーディアンアーミーハット
Bike Helmet,サイクルメット
Black Arrowbands,アローバンド ブラック
Black FishFry Bandana,クロヤキフグバンダナ
Blowfish Bell Hat,フグベルハット
Blowfish Newsie,フグハンチング
Bobble Hat,ボンボンニット
Bucket Hat,イカバケット
Camo Mesh,カモメッシュ
Camping Hat,キャンプハット
Cap of Legend,レジェンドのぼうし
Classic Straw Boater,イカンカン クラシック
Conductor Cap,メトロぼう
Cycle King Cap,チャリキング帽
Cycling Cap,テッカサイクルキャップ
Deca Tackle Visor Helmet,デカメットアイシールド
Designer Headphones,オーロラヘッドホン
Digi-Camo Forge Mask,フォーリマスク デジカモ
"Do-Rag, Cap, & Glasses",ドゥーラグキャップガサネ
Double Egg Shades,ダブルエッグサングラス
Dust Blocker 2000,ダストブロッカー 2.5
Eel-Cake Hat,ハッピーチンアナゴハット
Eminence Cuff,カイザーカフ
Eye of Justice,ジャスティスブレーン
Face Visor,フェイスバイザー
Fake Contacts,ダテコンタクト
Festive Party Cone,パーティーコーンデコ
Fierce Fishskull,ギガギョコツ
Firefin Facemask,マスクドホッコリー
FishFry Biscuit Bandana,ヤキフグビスケットバンダナ
FishFry Visor,ヤキフグ サンバイザー
Five-Panel Cap,5パネルキャップ
Forge Mask,フォーリマスク
Fugu Bell Hat,フグベルベルハット
Full Moon Glasses,マルベッコー
Gas Mask,タコマスク
Golden Toothpick,金のつまようじ
Green Novelty Visor,ノベルティバイザーナズナ
Golf Visor,キャディ サンバイザー
Half-Rim Glasses,セルブロウ
Headlamp Helmet,ヘッドライトヘルム
Hero Headphones Replica,ヒーローレシーバー レプリカ
Hero Headset Replica,ヒーローヘッズ レプリカ
Hickory Work Cap,ヒッコリーワークキャップ
Hivemind Antenna,コズミックアンテナ
Hockey Helmet,イカロスHKメット
Hockey Mask,ホッケかめん
Hothouse Hat,ホタプラントハット
House-Tag Denim Cap,ハウスタグデニムCAP
Ink-Guard Goggles,スミガードゴーグル
Jellyvader Cap,クラゲーダーキャップ
Jetflame Crest,バーニングブロイラー
Jet Cap,ジェットキャップ
Jogging Headband,ランニングバンド
Jungle Hat,サファリハット
King Facemask,キングオブマスク
King Flip Mesh,キングフリップメッシュ
Knitted Hat,リブニット
Kyonshi Hat,キョンキョンぼう
Lightweight Cap,キャンプキャップ
Li'l Devil Horns,ウミウシカチューシャ
Long-Billed Cap,ロングビルキャップ
Marinated Headphones,イイダチヘッドホン
Matte Bike Helmet,ツヤケシMTBメット
Moist Ghillie Helmet,モイストワカメット
Motocross Nose Guard,ノーズガードモトクロス
Mountie Hat,ヤマハット
MTB Helmet,ロゴヅクシMTBメット
New Year's Glasses DX,ニューイヤーグラスDX
Noise Cancelers,イヤーマフ
Null Visor Replica,ネルメット レプリカ
Oceanic Hard Hat,オーシャンズヘルム
Octo Tackle Helmet Deco,オクトメットプライズデコ
Octoglasses,オクタグラス
Octoking Facemask,キングタコスターマスク
Octoleet Goggles,ゾネスティックスコープ
Octoling Shades,タコゾネスサングラス
Old-Timey Hat,グランパなアタマ
Orange Novelty Visor,ノベルティバイザーポピー
Paintball Mask,フェイスゴーグル
Painter's Mask,ペインターマスク
Paisley Bandana,エイズリーバンダナ
Patched Hat,パッチハット
Pearlescent Crown,ヒメイトクラウン
Pilot Goggles,パイロットゴーグル
Pilot Hat,フライトぼう
Pink Novelty Visor,ノベルティバイザーナデシコ
Power Mask,パワードマスク
Power Mask Mk I,パワードマスク オリジン
Purple Novelty Visor,ノベルティバイザールピナス
Retro Specs,クロブチ レトロ
Safari Hat,ロブスターブーニー
Sailor Cap,マリリンハットウィズピンズ
Samurai Helmet,サムライヘルメット
Seashell Bamboo Hat,カイガラスゲ
Sennyu Bon Bon Beanie,センニューボンボン
Sennyu Goggles,センニューゴーグル
Sennyu Headphones,センニューヘッドホン
Sennyu Specs,センニュークロブチ
Short Beanie,ショートビーニー
Skate Helmet,スケボーメット
Skull Bandana,イカスカルマスク
Sneaky Beanie,オシノビニット
Snorkel Mask,ダイバーゴーグル
Soccer Headband,サッカーバンド
Special Forces Beret,モンゴウベレー
Splash Goggles,スプラッシュゴーグル
Sporty Bobble Hat,ウインターボンボン
Squash Headband,スカッシュバンド
Squid Clip-Ons,イカクリップ
Squid Facemask,イカバッテンガード
Squid Hairclip,イカパッチン
Squid Nordic,イカノルディック
Squidfin Hook Cans,エンペラフックHDP
Squidlife Headphones,ステカセヘッドホン
Squid-Stitch Cap,チドリキャップ
Squidvader Cap,イカベーダーキャップ
Squinja Mask,イカカゲマスク
Stealth Goggles,ナイトビジョン
Straw Boater,イカンカン
Streetstyle Cap,ビバレッジキャップ
Striped Beanie,ボーダービーニー
Studio Headphones,スタジオヘッドホン
Studio Octophones,スタジオオクトホン
Sun Visor,サンサンサンバイザー
SV925 Circle Shades,マルサンSV925
Swim Goggles,スイミングモーグル
Takoroka Mesh,ヤコメッシュ
Takoroka Visor,ヤコバイザー
Tennis Headband,テニスバンド
Tinted Shades,イロメガネ
Toni Kensa Goggles,モーグル タタキベッチュー
Treasure Hunter,トレジャーメット
Tulip Parasol,パラソルチューリップ
Twisty Headband,ねじりゴージャス
Two-Stripe Mesh,2ラインメッシュ
Urchins Cap,ウーニーズBBキャップ
Visor Skate Helmet,バイザーメット
Welding Mask,アイアンマスカレイド
White Arrowbands,アローバンド ホワイト
White Headband,ヘッドバンド ホワイト
Woolly Urchins Classic,ウールウーニーズクラシック
Worker's Cap,スペボウ レプリカ
Worker's Head Towel,アセストップソシナ
Yamagiri Beanie,ヤマギリビーニー
Zekko Cap,エゾッコフリッパー
Zekko Mesh,エゾッコメッシュ
Aloha Shirt,おどるイカアロハ
Anchor Life Vest,アンカーベスト
Anchor Sweat,イカリスウェット
Annaki Blue Cuff,アナアキニット アオソデ
Annaki Drive Tee,アナアキロンT ドライブ
Annaki Evolution Tee,アナアキロンT イボルブ
Annaki Flannel Hoodie,アナアキオンブレネル
Annaki Polpo-Pic Tee,アナアキT ポルポピック
Annaki Red Cuff,アナアキニット アカソデ
Annaki Yellow Cuff,アナアキニット キソデ
Armor Jacket Replica,アーマージャケット レプリカ
Baby-Jelly Shirt,ベイビークラゲシャツ
Baby-Jelly Shirt & Tie,タイツキベイビークラゲ
Baseball Jersey,ミスターベースボール
Basic Tee,わかばイカT
B-ball Jersey (Away),バスケジャージ アウェイ
B-ball Jersey (Home),バスケジャージ ホーム
Berry Ski Jacket,マウンテンベリー
Birded Corduroy Jacket,トリスカベッチン
Black 8-Bit FishFry,ヤキフグ8bit ブラック
Black Anchor Tee,ガチブラック
Black Baseball LS,ハラグロラグラン
Black Cuttlegear LS,タコロンT 黒
Black Hoodie,ホタパーカー ブラック
Black Inky Rider,イカライダーBLACK
Black Layered LS,レイヤード ブラック
Black LS,バニーポップ ブラック
Black Polo,ピンポンポロ
Black Squideye,イカノメT ブラック
Black Tee,イカブラック
Black Urchin Rock Tee,ガンガゼロックT クロ
Black Velour Octoking Tee,キングオクトTブラックベロア
Black V-Neck Tee,イカブラックV
Blue 16-Bit FishFry,ヤキフグ16bit ブルー
Blue Peaks Tee,ヤマビコT ブルー
Blue Sailor Suit,イカセーラーブルー
Blue Tentatek Tee,アロメテックT ブルー
Brown FA-11 Bomber,FA-11 オモテ カスタム
Camo Layered LS,カモガサネ
Camo Zip Hoodie,ジップアップ カモ
Carnivore Tee,ニクショクT
Chili Octo Aloha,チリメンタコアロハ
Chili-Pepper Ski Jacket,マウンテンチリペッパー
Chilly Mountain Coat,マウンテンフローズン
Chirpy Chips Band Tee,バンドT ABXY
Choco Layered LS,チョコガサネ
Crimson Parashooter,パラシューター ザクロ
Crustwear XXL,アゲアゲ・10・プラーXXL
Custom Painted F-3,F-3 ペイントカスタム
Cycle King Jersey,チャリキングジャージ
Cycling Shirt,テッカサイクルシャツ
Dakro Golden Tee,デカロTゴールデン
Dakro Nana Tee,デカロTキウイ
Dark Bomber Jacket,ボンバージャケットネガ
Dark Urban Vest,アーバンベスト ナイト
Deep-Octo Satin Jacket,ウラタコスカジャン
Dev Uniform,デベロッパーズワークウエア
Dots-On-Dots Shirt,レイヤードットシャツ
Eggplant Mountain Coat,マウンテンノリタマゴ
FA-01 Jacket,FA-01オモテ
FA-01 Reversed,FA-01ウラ
FC Albacore,アオサドーレ
Firefin Navy Sweat,ホッコリー ネイビー
Firewave Tee,ホットグラデT
Fishing Vest,フィッシャーズベスト オジ
Forest Vest,フォレストダウン
Forge Inkling Parka,F-190
Forge Octarian Jacket,F-010
Fresh Octo Tee,わかばタコT
Friend Tee,フレンドT
Front Zip Vest,フロントジップベスト
Fugu Tee,マルフグT
Garden Gear,マクレGT
Grape Hoodie,キングパーカーグレープ
Grape Tee,グレープT
Gray 8-Bit FishFry,ヤキフグ8bit グレー
Gray College Sweat,カレッジスウェット グレー
Gray FA-11 Bomber,FA-11 ウラ カスタム
Gray Hoodie,ホタパーカーグレー
Gray Mixed Shirt,ミックスシャツグレー
Gray Vector Tee,ベクトルパターン レッド
Green Cardigan,レタード グリーン
Green Striped LS,ボーダーモスグリーン
Green Tee,グリーンT
Green Velour Octoking Tee,キングオクトTミドリベロア
Green V-Neck Limited Tee,イカグリーン V コラボ
Green Zip Hoodie,ジップアップ グリーン
Green-Check Shirt,ギンガムチェック ミドリ
Half-Sleeve Sweater,スウェットT ゴブ
Herbivore Tee,ソウショクT
Hero Hoodie Replica,ヒーローフーディー レプリカ
Hero Jacket Replica,ヒーロージャケット レプリカ
Hightide Era Band Tee,バンドT HIGHTIDEERA
Hothouse Hoodie,ホタプラントパーカー
Hula Punk Shirt,ピーターパンクシャツ
Icewave Tee,アイスグラデT
Inkfall Shirt,スミカケシャツ
Inkopolis Squaps Jersey,トビウォーズHKユニ
Ink-Wash Shirt,スミヌキシャツ
Ivory Peaks Tee,ヤマビコT アイボリー
Juice Parka,フューエルブルゾン
Kensa Coat,ケンサキコーチ
Khaki 16-Bit FishFry,ヤキフグ16bit カーキ
King Jersey,キングHKシャツ
Krak-On 528,クラーゲス528
Kung-Fu Zip-Up,クンフージャージ
Layered Anchor LS,ガチガサネ
Layered Vector LS,ベクトルラインガサネ
League Tee,リーグT
Light Bomber Jacket,ボンバージャケット ポジ
Lime Easy-Stripe Shirt,ゆとりボーダー ライム
Linen Shirt,シャンブレーシャツ
Lob-Stars Jersey,ロブスターズユニ
Logo Aloha Shirt,ロゴマシマシアロハ
Lumberjack Shirt,オータムネル
Marinated Top,イイダチトップス
Matcha Down Jacket,マッチャ ライトダウン
Milky Eminence Jacket,キングベンチカイザー
Mint Tee,ミントT
Missus Shrug Tee,ミズシュラッグT
Mister Shrug Tee,ミスターシュラッグT
Moist Ghillie Suit,モイストギリースーツ
Mountain Vest,マウンテンダウン
Navy College Sweat,カレッジスウェット ネイビー
Navy Deca Logo Tee,デカロゴT ノーコン
Navy Eminence Jacket,キングベンチNV
Navy King Tank,キングタンク マリン
Navy Striped LS,ボーダーネイビー
Negative Longcuff Sweater,ドロップスウェット ネガ
Neo Octoling Armor,タコゾネスプロテクターネオ
North-Country Parka,フロムキタグニ87
N-Pacer Sweat,エンペーサートレーナー
Null Armor Replica,ネルアーマー レプリカ
Octarian Retro,オクタリアンレトロ
Octo Layered LS,オクトガサネ
Octo Tee,タコT
Octobowler Shirt,タコボウラーシャツ
Octoking HK Jersey,キングオクトHKシャツ
Office Attire,ジムパーソンアーマー
Old-Timey Clothes,グランパなフク
Olive Ski Jacket,マウンテンオリーブ
Olive Zekko Parka,エゾッコパーカー ウグイス
Online Jersey,BBシャツ プレミアム
Orange Cardigan,レタード オレンジ
Panda Kung-Fu Zip-Up,クンフーパンジャージ
Part-Time Pirate,かくれパイレーツ
Pearl Tee,パールドットT
Pearlescent Hoodie,ヒメイトパーカー
Pink Easy-Stripe Shirt,ゆとりボーダー ピンク
Pink Hoodie,シャツノゾキピンク
Pirate-Stripe Tee,パイレーツボーダー
Positive Longcuff Sweater,ドロップスウェット ポジ
Power Armor,パワードスーツ
Power Armor Mk I,パワードスーツ オリジン
Prune Parashooter,パラシューター プルーン
Pullover Coat,プルオーバーコート
Purple Camo LS,カモフラパープル
Rainy-Day Tee,レイニーブルーT
Record Shop Look EP,レコヤルックEP
Red Cuttlegear LS,タコロンT 赤
Red Hula Punk with Tie,ピーターパンクタイ ブラッド
Red Tentatek Tee,アロメテックT レッド
Red Vector Tee,ベクトルパターン レッド
Red V-Neck Limited Tee,イカレッド V コラボ
Red-Check Shirt,ギンガムチェック アカ
Reel Sweat,リールロールスウェット
Reggae Tee,イカジャマイカ
Retro Gamer Jersey,FCジャージー
Retro Sweat,レトロジャッジ
Rockenberg Black,ロッケンベルグT ブラック
Rockenberg White,ロッケンベルグT ホワイト
Rockin' Leather Jacket,ロッケンブレイクジャケット
Rodeo Shirt,イカスタンシャツ
Round-Collar Shirt,マルエリシャツ
Sage Polo,よもぎポロ
Sailor-Stripe Tee,マリンボーダー
Samurai Jacket,サムライジャケット
School Cardigan,スクールカーデ
School Jersey,スクールジャージー
School Uniform,スクールブレザー
Sennyu Suit,センニュースーツ
Shirt & Tie,タイシャツ
Shirt with Blue Hoodie,シャツノゾキブルー
Short Knit Layers,ショートニットカサネ
Shrimp-Pink Polo,さくらエビポロ
Silver Tentatek Vest,アロメランベスト シルバー
Sky-Blue Squideye,イカノメT ライトブルー
Slash King Tank,キングタンク スラッシュ
Slipstream United,FC カラスミ
Splatfest Tee Replica,フェスT レプリカ
Squid Satin Jacket,イカスカジャン
Squid Squad Band Tee,バンドT SQUIDSQUAD
Squid Yellow Layered LS,イカイエローVガサネ
Squiddor Polo,イカテンくんポロ
Squidmark LS,イカバッテンロング
Squidmark Sweat,イカバッテン マスタード
Squid-Pattern Waistcoat,イカゴッチンベスト
Squidstar Waistcoat,イカノボリベスト
Squid-Stitch Tee,チドリメロンT
Squinja Suit,ニンジャスーツ
SRL Coat,アカシックコート
Striped Peaks LS,ヤマビコボーダー
Striped Rugby,オレンジボーダーラガー
Striped Shirt,ブロックストライプシャツ
Sunny-Day Tee,サニーオレンジT
SWC Logo Tee,SWCロゴT
Takoroka Crazy Baseball LS,ヤコラグランクレイジー
Takoroka Galactic Tie Dye,ヤコタイダイ ギャラクシー
Takoroka Jersey,ヤコピステ
Takoroka Nylon Vintage,タカロカナイロンビンテージ
Takoroka Rainbow Tie Dye,ヤコタイダイ レインボー
Takoroka Windcrusher,ヤコナイロンレトロ
Tentatek Slogan Tee,アロメスローガンT
Toni K. Baseball Jersey,タタキBBBシャツ
Tricolor Rugby,トリコロール ラガー
Tumeric Zekko Coat,エゾッココーチ ウコン
Urchins Jersey,ウーニーズBBシャツ
Varsity Baseball LS,カレッジラグラン
Varsity Jacket,スタジャンロゴマシ
Vintage Check Shirt,ヴィンテージ チェック
Wet Floor Band Tee,バンドT WETFLOOR
Whale-Knit Sweater,ハウスタグホエールニット
White 8-Bit FishFry,ヤキフグ8bit ホワイト
White Anchor Tee,ガチホワイト
White Baseball LS,ハラシロラグラン
White Deca Logo Tee,デカロゴT シロ
White Inky Rider,イカライダーWHITE
White King Tank,キングタンク ホワイト
White Layered LS,レイヤード ホワイト
White Leather F-3,F-3 ホワイトレザー
White LS,バトロングホワイト
White Sailor Suit,イカセーラーホワイト
White Shirt,シロシャツ
White Striped LS,ボーダーホワイト
White Tee,イカホワイト
White Urchin Rock Tee,ガンガゼロックT シロ
White V-Neck Tee,イカホワイトV
Yellow Layered LS,マスタードガサネ
Yellow Urban Vest,アーバンベスト イエロー
Zapfish Satin Jacket,ウラスカジャン
Zekko Baseball LS,エゾッコラグラン
Zekko Hoodie,エゾッコパーカーアズキ
Zekko Jade Coat,エゾッココーチ モエギ
Zekko Long Carrot Tee,エゾッコロンTキャロット
Zekko Long Radish Tee,エゾッコロンTラディッシュ
Zekko Redleaf Coat,エゾッココーチ アカネ
Zink Layered LS,アイロニックレイヤード
Zink LS,アイロニックロング
ω-3 Tee,ω-3T
Acerola Rain Boots,レイニーアセロラ
Amber Sea Slug Hi-Tops,ウミウシタウンHi アンバー
Angry Rain Boots,マッドラバー
Annaki Arachno Boots,アナアキスパイダー6ホール
Annaki Habaneros,アナアキラバー ハバネロ
Annaki Tigers,アナアキラバー フェイク
Armor Boot Replicas,アーマーブーツ レプリカ
Arrow Pull-Ons,アローズ タタキベッチュー
Athletic Arrows,アスレチックアローズ
Banana Basics,キャンバス バナナ
Birch Climbing Shoes,ボルダーシューズ ハザクラ
Black & Blue Squidkid V,エギング5 クロアオ
Black Dakroniks,デカロニックブラック
Black Flip-Flops,BBサンダル
Black Norimaki 750s,ノリマキ750 ブラック
Black Seahorses,シーホース ブラックレザー
Black Trainers,ブラックビーンズ
Blue & Black Squidkid IV,エギング4 アオクロ
Blue Iromaki 750s,イロマキ750 ブルー
Blue Laceless Dakroniks,デカロノーレース ブルー
Blue Lo-Tops,グリッチョ ブルー
Blue Moto Boots,モトクロス ソリッドブルー
Blue Power Stripes,パワーソトリップアオアシ
Blue Sea Slugs,ウミウシブルー
Blue Slip-Ons,スリッポン ブルー
Blueberry Casuals,ブルーベリーコンフォート
Bubble Rain Boots,レイニーシャボン
Canary Trainers,カナリアビーンズ
Cherry Kicks,ラバーソール チェリー
Choco Clogs,チョコクロッグ
Chocolate Dakroniks,デカロニックチョコレート
Clownfish Basics,キャンバス クマノミ
Crazy Arrows,クレイジーアローズ
Cream Basics,キャンバス ホワイト
Cream Hi-Tops,キャンバスHi マッシュルーム
Custom Trail Boots,トレッキングカスタム
Cyan Trainers,シアンビーンズ
Deepsea Leather Boots,シンカイレザーブーツ
Flipper Floppers,ゲソバタアシスト
Fringed Loafers,キルトローファー
Friendship Bracelet,チギリノヒモ
Gold Hi-Horses,シーホースHi ゴールド
Gray Sea-Slug Hi-Tops,ウミウシタウンHi グレー
Gray Yellow-Soled Wingtips,グレーチップ イエローソール
Green Iromaki 750s,イロマキ750 グリーン
Green Laceups,ヒモヒモグリーン
Green Rain Boots,レイニーモスグリーン
Hero Runner Replicas,ヒーローキックス レプリカ
Hero Snowboots Replicas,ヒーローバインダー レプリカ
Honey & Orange Squidkid V,エギング5 ハニオレ
Hunter Hi-Tops,キャンバスHi モロヘイヤ
Hunting Boots,ハンティングブーツ
Icy Down Boots,アイスダウンブーツ
Inky Kid Clams,イカボウズジェットブラック
Kid Clams,イカボウズキャメル
LE Lo-Tops,グリッチョ グリーン 限定版
LE Soccer Shoes,レアスパイカ
Luminous Delta Straps,デルタストラップ ルミナス
Marinated Slip-Ons,イイダチスリッポン
Marination Lace-Ups,ノーリーチャッカ イイダチ
Mawcasins,ジョーズモカシン
Midnight Slip-Ons,ミッドナイトスリッポン
Milky Enperrials,エンペリアルカイザー
Mint Dakroniks,デカロニックミント
Moist Ghillie Boots,モイストギリーブーツ
Moto Boots,モトクロスブーツ
Musselforge Flip-Flops,フジツボペタサン
Navy Enperrials,エンペリアルNV
Navy Red-Soled Wingtips,ネイビーチップ レッドソール
Neo Octoling Boots,タコゾネスブーツネオ
Neon Delta Straps,デルタストラップ ネオン
Neon Sea Slugs,ウミウシ イエロー
New-Day Arrows,アカツキアローズ
New-Leaf Leather Boots,シンリョクレザーブーツ
Non-slip Senseis,ノンスリップタクミ
N-Pacer Ag,エンペーサーAg
N-Pacer Au,エンペーサーAu
N-Pacer CaO,エンペーサーCaO
Null Boots Replica,ネルブーツ レプリカ
Old-Timey Shoes,グランパなクツ
Online Squidkid V,エギング5 プレミアム
Orange Arrows,オレンジアローズ
Orange Iromaki 750s,イロマキ750 オレンジ
Orange Lo-Tops,グリッチョ オレンジ
Orca Hi-Tops,オルカHi
Orca Passion Hi-Tops,オルカHiパッション
Orca Woven Hi-Tops,オルカHiウーブン
Oyster Clogs,オイスタークロッグ
Pearlescent Kicks,ヒメイトスニーカー
Pearlescent Squidkid IV,エギング4 ヒメキン
Pearl Punk Crowns,ロッキンクラウン
Pearl Scout Lace-Ups,ノーリーチャッカ ヒメイト
Pink Trainers,ピンクビーンズ
Piranha Moccasins,ピラニアモカシン
Plum Casuals,アケビコンフォート
Polka-dot Slip-Ons,スリッポン ポルカ
Power Boots,パワードレッグス
Power Boots Mk I,パワードレッグス オリジン
Pro Trail Boots,トレッキング プロ
Punk Blacks,ロッキンブラック
Punk Cherries,ロッキンチェリー
Punk Whites,ロッキンホワイト
Punk Yellows,ロッキンイエロー
Purple Hi-Horses,シーホースHi パープル
Purple Iromaki 750s,イロマキ750 パープル
Purple Sea Slugs,ウミウシ パープル
Red & Black Squidkid IV,エギング4 アカクロ
Red & White Squidkid V,エギング5 シロアカ
Red FishFry Sandals,ヤキフグシャワサン アカ
Red Hi-Horses,シーホースHi レッド
Red Hi-Tops,キャンバスHi トマト
Red Iromaki 750s,イロマキ750 レッド
Red Power Stripes,パワーストリップ アカアシ
Red Sea Slugs,ウミウシ レッド
Red Slip-Ons,スリッポン レッド
Red Work Boots,ヌバックブーツ レッド
Red-Mesh Sneakers,アロメッシュバーミリオン
Rina Squidkid IV,エギング4 イイマリ
Roasted Brogues,イカヤキチップ
Samurai Shoes,サムライシューズ
School Shoes,スクールローファー
Sea Slug Volt 95s,ウミウシボルト95
Sennyu Inksoles,センニューチップ スミソール
Sesame Salt 270s,ゴマシオ270
Shark Moccasins,シャークモカシン
Smoky Wingtips,スモークチップ
Snow Delta Straps,デルタストラップ スノー
Snowy Down Boots,ミルキーダウンブーツ
Soccer Shoes,ユデスパイカ
Squid-Stitch Slip-Ons,スリッポン チドリ
Squinja Boots,シノビアシ
Squink Wingtips,イカスミチップ
Strapping Reds,ベリベリレッド
Strapping Whites,ベリベリホワイト
Suede Gray Lace-Ups,ノーリーチャッカ グレー
Suede Marine Lace-Ups,ノーリーチャッカ ロビンズ
Suede Nation Lace-Ups,ノーリーチャッカ トライブ
Sun & Shade Squidkid IV,エギング4 キイコン
Sunny Climbing Shoes,ボルダーシューズ タイノエ
Sunset Orca Hi-Tops,オルカHiサンセット
Tan Work Boots,ヌバックブーツ イエロー
Tea-Green Hunting Boots,チャバハンティングブーツ
Toni Kensa Black Hi-Tops,ストリップ タタキベッチュー
Toni Kensa Soccer Shoes,スパイカ タタキベッチュー
Trail Boots,トレッキングライト
Trooper Power Stripes,パワーストリップ トルーパー
Truffle Canvas Hi-Tops,キャンバスHi トリュフ
Turquoise Kicks,ラバーソール ターコイズ
Violet Trainers,スミレビーンズ
White Arrows,ホワイトアローズ
White Kicks,ラバーソール ホワイト
White Laceless Dakroniks,デカロノーレース ホワイト
White Norimaki 750s,ノリマキ750 ホワイト
White Seahorses,シーホース ホワイト
Wooden Sandals,バンカラコロン
Yellow FishFry Sandals,ヤキフグシャワサン キ
Yellow Iromaki 750s,イロマキ750 イエロー
Yellow Seahorses,シーホース イエロー
Yellow-Mesh Sneakers,アロメッシュイエロー
Zombie Hi-Horses,シーホースHi ゾンビ
